ANSERIFORMES: Anatidae,,,
Black-bellied Whistling-Duck,Dendrocygna autumnalis,,
West Indian Whistling-Duck,Dendrocygna arborea,,Introduced species  Vulnerable
Fulvous Whistling-Duck,Dendrocygna bicolor,,
Bar-headed Goose,Anser indicus,,Rare/Accidental 
Emperor Goose,Anser canagicus,,Near-threatened
Snow Goose,Anser caerulescens,,
Ross's Goose,Anser rossii,,
Graylag Goose,Anser anser,,Rare/Accidental 
Greater White-fronted Goose,Anser albifrons,,
Lesser White-fronted Goose,Anser erythropus,,Rare/Accidental Vulnerable
Taiga Bean-Goose,Anser fabalis,,Rare/Accidental 
Tundra Bean-Goose,Anser serrirostris,,Rare/Accidental 
Pink-footed Goose,Anser brachyrhynchus,,Rare/Accidental 
Brant,Branta bernicla,,
Barnacle Goose,Branta leucopsis,,
Cackling Goose,Branta hutchinsii,,Breeding endemic
Canada Goose,Branta canadensis,,
Hawaiian Goose,Branta sandvicensis,,Vulnerable
Mute Swan,Cygnus olor,,Introduced species 
Trumpeter Swan,Cygnus buccinator,,
Tundra Swan,Cygnus columbianus,,
Whooper Swan,Cygnus cygnus,,
Orinoco Goose,Oressochen jubatus,,Introduced species  Near-threatened
Muscovy Duck,Cairina moschata,,
Wood Duck,Aix sponsa,,
Baikal Teal,Sibirionetta formosa,,
Garganey,Spatula querquedula,,
Blue-winged Teal,Spatula discors,,
Cinnamon Teal,Spatula cyanoptera,,
Northern Shoveler,Spatula clypeata,,
Gadwall,Mareca strepera,,
Falcated Duck,Mareca falcata,,Near-threatened
Eurasian Wigeon,Mareca penelope,,
American Wigeon,Mareca americana,,
Laysan Duck,Anas laysanensis,,Critically endangered
Hawaiian Duck,Anas wyvilliana,,Endangered
Eastern Spot-billed Duck,Anas zonorhyncha,,Rare/Accidental 
Mallard,Anas platyrhynchos,,
American Black Duck,Anas rubripes,,
Mottled Duck,Anas fulvigula,,
White-cheeked Pintail,Anas bahamensis,,
Northern Pintail,Anas acuta,,
Green-winged Teal,Anas crecca,,
Canvasback,Aythya valisineria,,
Redhead,Aythya americana,,
Common Pochard,Aythya ferina,,Vulnerable
Ring-necked Duck,Aythya collaris,,
Tufted Duck,Aythya fuligula,,
Greater Scaup,Aythya marila,,
Lesser Scaup,Aythya affinis,,
Steller's Eider,Polysticta stelleri,,Vulnerable
Spectacled Eider,Somateria fischeri,,
King Eider,Somateria spectabilis,,
Common Eider,Somateria mollissima,,Near-threatened
Harlequin Duck,Histrionicus histrionicus,,
Labrador Duck,Camptorhynchus labradorius,,Extinct
Surf Scoter,Melanitta perspicillata,,
White-winged Scoter,Melanitta fusca,,
Common Scoter,Melanitta nigra,,Rare/Accidental 
Black Scoter,Melanitta americana,,Near-threatened
Long-tailed Duck,Clangula hyemalis,,Vulnerable
Bufflehead,Bucephala albeola,,
Common Goldeneye,Bucephala clangula,,
Barrow's Goldeneye,Bucephala islandica,,
Smew,Mergellus albellus,,
Hooded Merganser,Lophodytes cucullatus,,
Common Merganser,Mergus merganser,,
Red-breasted Merganser,Mergus serrator,,
Masked Duck,Nomonyx dominicus,,
Ruddy Duck,Oxyura jamaicensis,,
,,,
GALLIFORMES: Cracidae,,,
Plain Chachalaca,Ortalis vetula,,
,,,
GALLIFORMES: Numididae,,,
Helmeted Guineafowl,Numida meleagris,,Introduced species 
,,,
GALLIFORMES: Odontophoridae,,,
Mountain Quail,Oreortyx pictus,,
Northern Bobwhite,Colinus virginianus,,Near-threatened
Scaled Quail,Callipepla squamata,,
California Quail,Callipepla californica,,
Gambel's Quail,Callipepla gambelii,,
Montezuma Quail,Cyrtonyx montezumae,,
,,,
GALLIFORMES: Phasianidae,,,
Indian Peafowl,Pavo cristatus,,Introduced species 
Chukar,Alectoris chukar,,Introduced species 
Himalayan Snowcock,Tetraogallus himalayensis,,Introduced species 
Erckel's Francolin,Pternistis erckelii,,Introduced species 
Black Francolin,Francolinus francolinus,,Introduced species 
Gray Francolin,Francolinus pondicerianus,,Introduced species 
Chinese Bamboo-Partridge,Bambusicola thoracicus,,Introduced species (non established) 
Elliot's Pheasant,Syrmaticus ellioti,,Introduced species  Near-threatened
Lady Amherst's Pheasant,Chrysolophus amherstiae,,Introduced species 
Ring-necked Pheasant,Phasianus colchicus,,Introduced species 
Silver Pheasant,Lophura nycthemera,,Introduced species (non established) 
Kalij Pheasant,Lophura leucomelanos,,Introduced species 
Gray Partridge,Perdix perdix,,Introduced species 
Ruffed Grouse,Bonasa umbellus,,
Greater Sage-Grouse,Centrocercus urophasianus,,Near-threatened
Gunnison Sage-Grouse,Centrocercus minimus,,Endangered
Spruce Grouse,Falcipennis canadensis,,
Willow Ptarmigan,Lagopus lagopus,,
Rock Ptarmigan,Lagopus muta,,
White-tailed Ptarmigan,Lagopus leucura,,
Dusky Grouse,Dendragapus obscurus,,
Sooty Grouse,Dendragapus fuliginosus,,
Sharp-tailed Grouse,Tympanuchus phasianellus,,
Greater Prairie-Chicken,Tympanuchus cupido,,Vulnerable
Lesser Prairie-Chicken,Tympanuchus pallidicinctus,,Vulnerable
Wild Turkey,Meleagris gallopavo,,
,,,
GAVIIFORMES: Gaviidae,,,
Red-throated Loon,Gavia stellata,,
Arctic Loon,Gavia arctica,,
Pacific Loon,Gavia pacifica,,
Common Loon,Gavia immer,,
Yellow-billed Loon,Gavia adamsii,,Near-threatened
,,,
PODICIPEDIFORMES: Podicipedidae,,,
Least Grebe,Tachybaptus dominicus,,
Pied-billed Grebe,Podilymbus podiceps,,
Horned Grebe,Podiceps auritus,,Vulnerable
Red-necked Grebe,Podiceps grisegena,,
Eared Grebe,Podiceps nigricollis,,
Western Grebe,Aechmophorus occidentalis,,
Clark's Grebe,Aechmophorus clarkii,,
,,,
PHOENICOPTERIFORMES: Phoenicopteridae,,,
Chilean Flamingo,Phoenicopterus chilensis,,Introduced species  Near-threatened
American Flamingo,Phoenicopterus ruber,,
,,,
PROCELLARIIFORMES: Diomedeidae,,,
Yellow-nosed Albatross,Thalassarche chlororhynchos,,Rare/Accidental 
White-capped Albatross,Thalassarche cauta,,Rare/Accidental 
Salvin's Albatross,Thalassarche salvini,,Rare/Accidental Vulnerable
Chatham Albatross,Thalassarche eremita,,Rare/Accidental Vulnerable
Black-browed Albatross,Thalassarche melanophris,,Rare/Accidental 
Light-mantled Albatross,Phoebetria palpebrata,,Rare/Accidental Near-threatened
Wandering Albatross,Diomedea exulans,,Rare/Accidental 
Laysan Albatross,Phoebastria immutabilis,,Near-threatened
Black-footed Albatross,Phoebastria nigripes,,Near-threatened
Short-tailed Albatross,Phoebastria albatrus,,Vulnerable
,,,
PROCELLARIIFORMES: Procellariidae,,,
Southern Giant-Petrel,Macronectes giganteus,,
Northern Fulmar,Fulmarus glacialis,,
Gray-faced Petrel,Pterodroma gouldi,,Rare/Accidental 
Kermadec Petrel,Pterodroma neglecta,,
Trindade Petrel,Pterodroma arminjoniana,,Vulnerable
Herald Petrel,Pterodroma heraldica,,Rare/Accidental 
Murphy's Petrel,Pterodroma ultima,,Near-threatened
Providence Petrel,Pterodroma solandri,,Rare/Accidental Vulnerable
Zino's Petrel,Pterodroma madeira,,Rare/Accidental Endangered
Fea's Petrel,Pterodroma feae,,Rare/Accidental 
Mottled Petrel,Pterodroma inexpectata,,Near-threatened
Bermuda Petrel,Pterodroma cahow,,Rare/Accidental Endangered
Black-capped Petrel,Pterodroma hasitata,,
Juan Fernandez Petrel,Pterodroma externa,,Vulnerable
Hawaiian Petrel,Pterodroma sandwichensis,,Vulnerable
White-necked Petrel,Pterodroma cervicalis,,
Bonin Petrel,Pterodroma hypoleuca,,
Black-winged Petrel,Pterodroma nigripennis,,
Cook's Petrel,Pterodroma cookii,,Vulnerable
Stejneger's Petrel,Pterodroma longirostris,,Vulnerable
Phoenix Petrel,Pterodroma alba,,Endangered
Bulwer's Petrel,Bulweria bulwerii,,
Jouanin's Petrel,Bulweria fallax,,Near-threatened
Tahiti Petrel,Pseudobulweria rostrata,,Rare/Accidental Near-threatened
Parkinson's Petrel,Procellaria parkinsoni,,Vulnerable
Streaked Shearwater,Calonectris leucomelas,,Near-threatened
Cory's Shearwater,Calonectris diomedea,,
Cape Verde Shearwater,Calonectris edwardsii,,Rare/Accidental Near-threatened
Pink-footed Shearwater,Ardenna creatopus,,Vulnerable
Flesh-footed Shearwater,Ardenna carneipes,,Near-threatened
Great Shearwater,Ardenna gravis,,
Wedge-tailed Shearwater,Ardenna pacifica,,
Buller's Shearwater,Ardenna bulleri,,Vulnerable
Sooty Shearwater,Ardenna grisea,,Near-threatened
Short-tailed Shearwater,Ardenna tenuirostris,,
Christmas Shearwater,Puffinus nativitatis,,
Manx Shearwater,Puffinus puffinus,,
Newell's Shearwater,Puffinus newelli,,
Bryan's Shearwater,Puffinus bryani,,Rare/Accidental Critically endangered
Black-vented Shearwater,Puffinus opisthomelas,,Near-threatened
Barolo Shearwater,Puffinus baroli,,Rare/Accidental 
Audubon's Shearwater,Puffinus lherminieri,,
,,,
PROCELLARIIFORMES: Hydrobatidae,,,
Wilson's Storm-Petrel,Oceanites oceanicus,,
White-faced Storm-Petrel,Pelagodroma marina,,
European Storm-Petrel,Hydrobates pelagicus,,Rare/Accidental 
Fork-tailed Storm-Petrel,Oceanodroma furcata,,
Ringed Storm-Petrel,Oceanodroma hornbyi,,Rare/Accidental Data deficient
Leach's Storm-Petrel,Oceanodroma leucorhoa,,
Townsend's Storm-Petrel,Oceanodroma socorroensis,,
Ainley's Storm-Petrel,Oceanodroma cheimomnestes,,
Swinhoe's Storm-Petrel,Oceanodroma monorhis,,Rare/Accidental Near-threatened
Ashy Storm-Petrel,Oceanodroma homochroa,,Endangered
Band-rumped Storm-Petrel,Oceanodroma castro,,
Wedge-rumped Storm-Petrel,Oceanodroma tethys,,Rare/Accidental 
Black Storm-Petrel,Oceanodroma melania,,
Tristram's Storm-Petrel,Oceanodroma tristrami,,Near-threatened
Least Storm-Petrel,Oceanodroma microsoma,,
,,,
PHAETHONTIFORMES: Phaethontidae,,,
White-tailed Tropicbird,Phaethon lepturus,,
Red-billed Tropicbird,Phaethon aethereus,,
Red-tailed Tropicbird,Phaethon rubricauda,,
,,,
CICONIIFORMES: Ciconiidae,,,
Jabiru,Jabiru mycteria,,Rare/Accidental 
Wood Stork,Mycteria americana,,
,,,
SULIFORMES: Fregatidae,,,
Lesser Frigatebird,Fregata ariel,,Rare/Accidental 
Magnificent Frigatebird,Fregata magnificens,,
Great Frigatebird,Fregata minor,,
,,,
SULIFORMES: Sulidae,,,
Masked Booby,Sula dactylatra,,
Nazca Booby,Sula granti,,Rare/Accidental 
Blue-footed Booby,Sula nebouxii,,Rare/Accidental 
Brown Booby,Sula leucogaster,,
Red-footed Booby,Sula sula,,
Northern Gannet,Morus bassanus,,
,,,
SULIFORMES: Phalacrocoracidae,,,
Brandt's Cormorant,Phalacrocorax penicillatus,,
Red-faced Cormorant,Phalacrocorax urile,,
Pelagic Cormorant,Phalacrocorax pelagicus,,
Great Cormorant,Phalacrocorax carbo,,
Neotropic Cormorant,Phalacrocorax brasilianus,,
Double-crested Cormorant,Phalacrocorax auritus,,
,,,
SULIFORMES: Anhingidae,,,
Anhinga,Anhinga anhinga,,
,,,
PELECANIFORMES: Pelecanidae,,,
American White Pelican,Pelecanus erythrorhynchos,,
Brown Pelican,Pelecanus occidentalis,,
,,,
PELECANIFORMES: Ardeidae,,,
American Bittern,Botaurus lentiginosus,,
Great Bittern,Botaurus stellaris,,Rare/Accidental 
Yellow Bittern,Ixobrychus sinensis,,
Least Bittern,Ixobrychus exilis,,
Bare-throated Tiger-Heron,Tigrisoma mexicanum,,Rare/Accidental 
Great Blue Heron,Ardea herodias,,
Gray Heron,Ardea cinerea,,Rare/Accidental 
Great Egret,Ardea alba,,
Intermediate Egret,Ardea intermedia,,Rare/Accidental 
Chinese Egret,Egretta eulophotes,,Vulnerable
Little Egret,Egretta garzetta,,Rare/Accidental 
Western Reef-Heron,Egretta gularis,,Rare/Accidental 
Snowy Egret,Egretta thula,,
Little Blue Heron,Egretta caerulea,,
Tricolored Heron,Egretta tricolor,,
Reddish Egret,Egretta rufescens,,Near-threatened
Cattle Egret,Bubulcus ibis,,
Chinese Pond-Heron,Ardeola bacchus,,Rare/Accidental 
Green Heron,Butorides virescens,,
Striated Heron,Butorides striata,,Rare/Accidental 
Black-crowned Night-Heron,Nycticorax nycticorax,,
Yellow-crowned Night-Heron,Nyctanassa violacea,,
,,,
PELECANIFORMES: Threskiornithidae,,,
White Ibis,Eudocimus albus,,
Scarlet Ibis,Eudocimus ruber,,Rare/Accidental 
Glossy Ibis,Plegadis falcinellus,,
White-faced Ibis,Plegadis chihi,,
Sacred Ibis,Threskiornis aethiopicus,,Introduced species (non established) 
Roseate Spoonbill,Platalea ajaja,,
,,,
CATHARTIFORMES: Cathartidae,,,
Black Vulture,Coragyps atratus,,
Turkey Vulture,Cathartes aura,,
California Condor,Gymnogyps californianus,,Critically endangered
,,,
ACCIPITRIFORMES: Pandionidae,,,
Osprey,Pandion haliaetus,,
,,,
ACCIPITRIFORMES: Accipitridae,,,
White-tailed Kite,Elanus leucurus,,
Hook-billed Kite,Chondrohierax uncinatus,,
Swallow-tailed Kite,Elanoides forficatus,,
Golden Eagle,Aquila chrysaetos,,
Snail Kite,Rostrhamus sociabilis,,
Double-toothed Kite,Harpagus bidentatus,,Rare/Accidental 
Mississippi Kite,Ictinia mississippiensis,,
Eurasian Marsh-Harrier,Circus aeruginosus,,Rare/Accidental 
Hen Harrier,Circus cyaneus,,Rare/Accidental 
Northern Harrier,Circus hudsonius,,
Chinese Sparrowhawk,Accipiter soloensis,,Rare/Accidental 
Eurasian Sparrowhawk,Accipiter nisus,,Rare/Accidental 
Sharp-shinned Hawk,Accipiter striatus,,
Cooper's Hawk,Accipiter cooperii,,
Northern Goshawk,Accipiter gentilis,,
Black Kite,Milvus migrans,,Rare/Accidental 
Bald Eagle,Haliaeetus leucocephalus,,
White-tailed Eagle,Haliaeetus albicilla,,
Steller's Sea-Eagle,Haliaeetus pelagicus,,Rare/Accidental Vulnerable
Crane Hawk,Geranospiza caerulescens,,Rare/Accidental 
Common Black Hawk,Buteogallus anthracinus,,
Great Black Hawk,Buteogallus urubitinga,,Rare/Accidental 
Roadside Hawk,Rupornis magnirostris,,Rare/Accidental 
Harris's Hawk,Parabuteo unicinctus,,
White-tailed Hawk,Geranoaetus albicaudatus,,
Variable Hawk,Geranoaetus polyosoma,,Rare/Accidental 
Gray Hawk,Buteo plagiatus,,
Gray-lined Hawk,Buteo nitidus,,
Red-shouldered Hawk,Buteo lineatus,,
Broad-winged Hawk,Buteo platypterus,,
Hawaiian Hawk,Buteo solitarius,,Near-threatened
Short-tailed Hawk,Buteo brachyurus,,
Swainson's Hawk,Buteo swainsoni,,
Zone-tailed Hawk,Buteo albonotatus,,
Red-tailed Hawk,Buteo jamaicensis,,
Rough-legged Hawk,Buteo lagopus,,
Ferruginous Hawk,Buteo regalis,,
Common Buzzard,Buteo buteo,,Rare/Accidental 
Eastern Buzzard,Buteo japonicus,,
,,,
GRUIFORMES: Rallidae,,,
Yellow Rail,Coturnicops noveboracensis,,
Black Rail,Laterallus jamaicensis,,
Corn Crake,Crex crex,,Rare/Accidental 
Ridgway's Rail,Rallus obsoletus,,Near-threatened
King Rail,Rallus elegans,,Near-threatened
Clapper Rail,Rallus crepitans,,
Virginia Rail,Rallus limicola,,
Rufous-necked Wood-Rail,Aramides axillaris,,Rare/Accidental 
Sora,Porzana carolina,,
Laysan Rail,Zapornia palmeri,,Endemic Extinct
Hawaiian Rail,Zapornia sandwichensis,,Endemic Extinct
Paint-billed Crake,Mustelirallus erythrops,,Rare/Accidental 
Spotted Rail,Pardirallus maculatus,,Rare/Accidental 
Purple Gallinule,Porphyrio martinica,,
Western Swamphen,Porphyrio porphyrio,,Introduced species (non established) 
Gray-headed Swamphen,Porphyrio poliocephalus,,Introduced species (non established) 
Eurasian Moorhen,Gallinula chloropus,,Rare/Accidental 
Common Gallinule,Gallinula galeata,,
Eurasian Coot,Fulica atra,,
Hawaiian Coot,Fulica alai,,Endemic Vulnerable
American Coot,Fulica americana,,
,,,
GRUIFORMES: Heliornithidae,,,
Sungrebe,Heliornis fulica,,Rare/Accidental 
,,,
GRUIFORMES: Aramidae,,,
Limpkin,Aramus guarauna,,
,,,
GRUIFORMES: Gruidae,,,
Gray Crowned-Crane,Balearica regulorum,,Introduced species  Endangered
Sandhill Crane,Antigone canadensis,,
Sarus Crane,Antigone antigone,,Introduced species  Vulnerable
Common Crane,Grus grus,,
Hooded Crane,Grus monacha,,Rare/Accidental Vulnerable
Whooping Crane,Grus americana,,Endangered
,,,
CHARADRIIFORMES: Burhinidae,,,
Double-striped Thick-knee,Burhinus bistriatus,,Rare/Accidental 
,,,
CHARADRIIFORMES: Recurvirostridae,,,
Black-winged Stilt,Himantopus himantopus,,Rare/Accidental 
Black-necked Stilt,Himantopus mexicanus,,
American Avocet,Recurvirostra americana,,
,,,
CHARADRIIFORMES: Haematopodidae,,,
Eurasian Oystercatcher,Haematopus ostralegus,,Rare/Accidental 
American Oystercatcher,Haematopus palliatus,,
Black Oystercatcher,Haematopus bachmani,,
,,,
CHARADRIIFORMES: Charadriidae,,,
Black-bellied Plover,Pluvialis squatarola,,
European Golden-Plover,Pluvialis apricaria,,Rare/Accidental 
American Golden-Plover,Pluvialis dominica,,
Pacific Golden-Plover,Pluvialis fulva,,
Northern Lapwing,Vanellus vanellus,,Rare/Accidental Near-threatened
Sociable Lapwing,Vanellus gregarius,,Rare/Accidental Critically endangered
Lesser Sand-Plover,Charadrius mongolus,,
Greater Sand-Plover,Charadrius leschenaultii,,Rare/Accidental 
Collared Plover,Charadrius collaris,,Rare/Accidental 
Snowy Plover,Charadrius nivosus,,Near-threatened
Wilson's Plover,Charadrius wilsonia,,
Common Ringed Plover,Charadrius hiaticula,,
Semipalmated Plover,Charadrius semipalmatus,,
Piping Plover,Charadrius melodus,,Near-threatened
Little Ringed Plover,Charadrius dubius,,
Killdeer,Charadrius vociferus,,
Mountain Plover,Charadrius montanus,,Near-threatened
Eurasian Dotterel,Charadrius morinellus,,
,,,
CHARADRIIFORMES: Jacanidae,,,
Northern Jacana,Jacana spinosa,,
,,,
CHARADRIIFORMES: Scolopacidae,,,
Upland Sandpiper,Bartramia longicauda,,
Bristle-thighed Curlew,Numenius tahitiensis,,Vulnerable
Whimbrel,Numenius phaeopus,,
Little Curlew,Numenius minutus,,
Eskimo Curlew,Numenius borealis,,Rare/Accidental Critically endangered (possibly extinct)
Long-billed Curlew,Numenius americanus,,
Far Eastern Curlew,Numenius madagascariensis,,Endangered
Slender-billed Curlew,Numenius tenuirostris,,Rare/Accidental Critically endangered
Eurasian Curlew,Numenius arquata,,Rare/Accidental Near-threatened
Bar-tailed Godwit,Limosa lapponica,,Near-threatened
Black-tailed Godwit,Limosa limosa,,Near-threatened
Hudsonian Godwit,Limosa haemastica,,
Marbled Godwit,Limosa fedoa,,
Ruddy Turnstone,Arenaria interpres,,
Black Turnstone,Arenaria melanocephala,,
Great Knot,Calidris tenuirostris,,Endangered
Red Knot,Calidris canutus,,Near-threatened
Surfbird,Calidris virgata,,
Ruff,Calidris pugnax,,
Broad-billed Sandpiper,Calidris falcinellus,,Rare/Accidental 
Sharp-tailed Sandpiper,Calidris acuminata,,
Stilt Sandpiper,Calidris himantopus,,
Curlew Sandpiper,Calidris ferruginea,,Near-threatened
Temminck's Stint,Calidris temminckii,,Rare/Accidental 
Long-toed Stint,Calidris subminuta,,
Spoon-billed Sandpiper,Calidris pygmea,,Critically endangered
Red-necked Stint,Calidris ruficollis,,Near-threatened
Sanderling,Calidris alba,,
Dunlin,Calidris alpina,,
Rock Sandpiper,Calidris ptilocnemis,,
Purple Sandpiper,Calidris maritima,,
Baird's Sandpiper,Calidris bairdii,,
Little Stint,Calidris minuta,,
Least Sandpiper,Calidris minutilla,,
White-rumped Sandpiper,Calidris fuscicollis,,
Buff-breasted Sandpiper,Calidris subruficollis,,Near-threatened
Pectoral Sandpiper,Calidris melanotos,,
Semipalmated Sandpiper,Calidris pusilla,,Near-threatened
Western Sandpiper,Calidris mauri,,
Short-billed Dowitcher,Limnodromus griseus,,
Long-billed Dowitcher,Limnodromus scolopaceus,,
Jack Snipe,Lymnocryptes minimus,,
Eurasian Woodcock,Scolopax rusticola,,Rare/Accidental 
American Woodcock,Scolopax minor,,
Solitary Snipe,Gallinago solitaria,,Rare/Accidental 
Common Snipe,Gallinago gallinago,,
Wilson's Snipe,Gallinago delicata,,
Pin-tailed Snipe,Gallinago stenura,,
Terek Sandpiper,Xenus cinereus,,
Wilson's Phalarope,Phalaropus tricolor,,
Red-necked Phalarope,Phalaropus lobatus,,
Red Phalarope,Phalaropus fulicarius,,
Common Sandpiper,Actitis hypoleucos,,
Spotted Sandpiper,Actitis macularius,,
Green Sandpiper,Tringa ochropus,,
Solitary Sandpiper,Tringa solitaria,,
Gray-tailed Tattler,Tringa brevipes,,Rare/Accidental Near-threatened
Wandering Tattler,Tringa incana,,
Spotted Redshank,Tringa erythropus,,
Greater Yellowlegs,Tringa melanoleuca,,
Common Greenshank,Tringa nebularia,,
Willet,Tringa semipalmata,,
Lesser Yellowlegs,Tringa flavipes,,
Marsh Sandpiper,Tringa stagnatilis,,
Wood Sandpiper,Tringa glareola,,
Common Redshank,Tringa totanus,,Rare/Accidental 
,,,
CHARADRIIFORMES: Glareolidae,,,
Oriental Pratincole,Glareola maldivarum,,
,,,
CHARADRIIFORMES: Stercorariidae,,,
Great Skua,Stercorarius skua,,
South Polar Skua,Stercorarius maccormicki,,
Pomarine Jaeger,Stercorarius pomarinus,,
Parasitic Jaeger,Stercorarius parasiticus,,
Long-tailed Jaeger,Stercorarius longicaudus,,
,,,
CHARADRIIFORMES: Alcidae,,,
Dovekie,Alle alle,,
Common Murre,Uria aalge,,
Thick-billed Murre,Uria lomvia,,
Razorbill,Alca torda,,Near-threatened
Great Auk,Pinguinus impennis,,Extinct
Black Guillemot,Cepphus grylle,,
Pigeon Guillemot,Cepphus columba,,
Long-billed Murrelet,Brachyramphus perdix,,Rare/Accidental Near-threatened
Marbled Murrelet,Brachyramphus marmoratus,,Endangered
Kittlitz's Murrelet,Brachyramphus brevirostris,,Near-threatened
Scripps's Murrelet,Synthliboramphus scrippsi,,Vulnerable
Guadalupe Murrelet,Synthliboramphus hypoleucus,,Rare/Accidental Endangered
Craveri's Murrelet,Synthliboramphus craveri,,Vulnerable
Ancient Murrelet,Synthliboramphus antiquus,,
Cassin's Auklet,Ptychoramphus aleuticus,,Near-threatened
Parakeet Auklet,Aethia psittacula,,
Least Auklet,Aethia pusilla,,
Whiskered Auklet,Aethia pygmaea,,
Crested Auklet,Aethia cristatella,,
Rhinoceros Auklet,Cerorhinca monocerata,,
Atlantic Puffin,Fratercula arctica,,Vulnerable
Horned Puffin,Fratercula corniculata,,
Tufted Puffin,Fratercula cirrhata,,
,,,
CHARADRIIFORMES: Laridae,,,
Swallow-tailed Gull,Creagrus furcatus,,Rare/Accidental 
Black-legged Kittiwake,Rissa tridactyla,,Vulnerable
Red-legged Kittiwake,Rissa brevirostris,,Vulnerable
Ivory Gull,Pagophila eburnea,,Near-threatened
Sabine's Gull,Xema sabini,,
Bonaparte's Gull,Chroicocephalus philadelphia,,
Black-headed Gull,Chroicocephalus ridibundus,,
Little Gull,Hydrocoloeus minutus,,
Ross's Gull,Rhodostethia rosea,,
Laughing Gull,Leucophaeus atricilla,,
Franklin's Gull,Leucophaeus pipixcan,,
Belcher's Gull,Larus belcheri,,Rare/Accidental 
Black-tailed Gull,Larus crassirostris,,
Heermann's Gull,Larus heermanni,,Near-threatened
Mew Gull,Larus canus,,
Ring-billed Gull,Larus delawarensis,,
Western Gull,Larus occidentalis,,
Yellow-footed Gull,Larus livens,,
California Gull,Larus californicus,,
Herring Gull,Larus argentatus,,
Yellow-legged Gull,Larus michahellis,,Rare/Accidental 
Iceland Gull,Larus glaucoides,,
Lesser Black-backed Gull,Larus fuscus,,
Slaty-backed Gull,Larus schistisagus,,
Glaucous-winged Gull,Larus glaucescens,,
Glaucous Gull,Larus hyperboreus,,
Great Black-backed Gull,Larus marinus,,
Kelp Gull,Larus dominicanus,,Rare/Accidental 
Brown Noddy,Anous stolidus,,
Black Noddy,Anous minutus,,
Blue-gray Noddy,Anous ceruleus,,
White Tern,Gygis alba,,
Sooty Tern,Onychoprion fuscatus,,
Gray-backed Tern,Onychoprion lunatus,,
Bridled Tern,Onychoprion anaethetus,,
Aleutian Tern,Onychoprion aleuticus,,Vulnerable
Little Tern,Sternula albifrons,,Rare/Accidental 
Least Tern,Sternula antillarum,,
Large-billed Tern,Phaetusa simplex,,Rare/Accidental 
Gull-billed Tern,Gelochelidon nilotica,,
Caspian Tern,Hydroprogne caspia,,
Black Tern,Chlidonias niger,,
White-winged Tern,Chlidonias leucopterus,,
Whiskered Tern,Chlidonias hybrida,,Rare/Accidental 
Roseate Tern,Sterna dougallii,,
Common Tern,Sterna hirundo,,
Arctic Tern,Sterna paradisaea,,
Forster's Tern,Sterna forsteri,,
Royal Tern,Thalasseus maximus,,
Great Crested Tern,Thalasseus bergii,,
Sandwich Tern,Thalasseus sandvicensis,,
Elegant Tern,Thalasseus elegans,,Near-threatened
Black Skimmer,Rynchops niger,,
,,,
PTEROCLIFORMES: Pteroclidae,,,
Chestnut-bellied Sandgrouse,Pterocles exustus,,Introduced species 
,,,
COLUMBIFORMES: Columbidae,,,
Rock Pigeon,Columba livia,,Introduced species 
Scaly-naped Pigeon,Patagioenas squamosa,,Rare/Accidental 
White-crowned Pigeon,Patagioenas leucocephala,,Near-threatened
Red-billed Pigeon,Patagioenas flavirostris,,
Band-tailed Pigeon,Patagioenas fasciata,,
Passenger Pigeon,Ectopistes migratorius,,Extinct
European Turtle-Dove,Streptopelia turtur,,Rare/Accidental Vulnerable
Oriental Turtle-Dove,Streptopelia orientalis,,
Eurasian Collared-Dove,Streptopelia decaocto,,Introduced species 
African Collared-Dove,Streptopelia roseogrisea,,Introduced species 
Spotted Dove,Streptopelia chinensis,,Introduced species 
Laughing Dove,Streptopelia senegalensis,,Introduced species 
Zebra Dove,Geopelia striata,,
Inca Dove,Columbina inca,,
Common Ground-Dove,Columbina passerina,,
Ruddy Ground-Dove,Columbina talpacoti,,
Ruddy Quail-Dove,Geotrygon montana,,Rare/Accidental 
Key West Quail-Dove,Geotrygon chrysia,,Rare/Accidental 
White-tipped Dove,Leptotila verreauxi,,
White-winged Dove,Zenaida asiatica,,
Zenaida Dove,Zenaida aurita,,Rare/Accidental 
Mourning Dove,Zenaida macroura,,
,,,
CUCULIFORMES: Cuculidae,,,
Smooth-billed Ani,Crotophaga ani,,
Groove-billed Ani,Crotophaga sulcirostris,,
Lesser Roadrunner,Geococcyx velox,,
Greater Roadrunner,Geococcyx californianus,,
Dark-billed Cuckoo,Coccyzus melacoryphus,,Rare/Accidental 
Yellow-billed Cuckoo,Coccyzus americanus,,
Mangrove Cuckoo,Coccyzus minor,,
Black-billed Cuckoo,Coccyzus erythropthalmus,,
Common Cuckoo,Cuculus canorus,,
Oriental Cuckoo,Cuculus optatus,,Rare/Accidental 
,,,
STRIGIFORMES: Tytonidae,,,
Barn Owl,Tyto alba,,
,,,
STRIGIFORMES: Strigidae,,,
Oriental Scops-Owl,Otus sunia,,
Flammulated Owl,Psiloscops flammeolus,,
Western Screech-Owl,Megascops kennicottii,,
Eastern Screech-Owl,Megascops asio,,
Whiskered Screech-Owl,Megascops trichopsis,,
Spectacled Owl,Pulsatrix perspicillata,,Introduced species 
Great Horned Owl,Bubo virginianus,,
Snowy Owl,Bubo scandiacus,,Vulnerable
Northern Hawk Owl,Surnia ulula,,
Northern Pygmy-Owl,Glaucidium gnoma,,
Ferruginous Pygmy-Owl,Glaucidium brasilianum,,
Elf Owl,Micrathene whitneyi,,
Burrowing Owl,Athene cunicularia,,
Mottled Owl,Ciccaba virgata,,Rare/Accidental 
Spotted Owl,Strix occidentalis,,Near-threatened
Barred Owl,Strix varia,,
Great Gray Owl,Strix nebulosa,,
Long-eared Owl,Asio otus,,
Stygian Owl,Asio stygius,,Rare/Accidental 
Short-eared Owl,Asio flammeus,,
Boreal Owl,Aegolius funereus,,
Northern Saw-whet Owl,Aegolius acadicus,,
Northern Boobook,Ninox japonica,,Rare/Accidental 
,,,
CAPRIMULGIFORMES: Caprimulgidae,,,
Lesser Nighthawk,Chordeiles acutipennis,,
Common Nighthawk,Chordeiles minor,,
Antillean Nighthawk,Chordeiles gundlachii,,
Common Pauraque,Nyctidromus albicollis,,
Common Poorwill,Phalaenoptilus nuttallii,,
Chuck-will's-widow,Antrostomus carolinensis,,
Buff-collared Nightjar,Antrostomus ridgwayi,,
Eastern Whip-poor-will,Antrostomus vociferus,,
Mexican Whip-poor-will,Antrostomus arizonae,,
Gray Nightjar,Caprimulgus jotaka,,Rare/Accidental 
,,,
CAPRIMULGIFORMES: Apodidae,,,
Black Swift,Cypseloides niger,,
White-collared Swift,Streptoprocne zonaris,,Rare/Accidental 
Chimney Swift,Chaetura pelagica,,Near-threatened
Vaux's Swift,Chaetura vauxi,,
White-throated Needletail,Hirundapus caudacutus,,
Mariana Swiftlet,Aerodramus bartschi,,Introduced species  Endangered
White-nest Swiftlet,Aerodramus fuciphagus,,
Common Swift,Apus apus,,
Pacific Swift,Apus pacificus,,
House Swift,Apus nipalensis,,Rare/Accidental 
White-throated Swift,Aeronautes saxatalis,,
Antillean Palm-Swift,Tachornis phoenicobia,,Rare/Accidental 
,,,
CAPRIMULGIFORMES: Trochilidae,,,
Mexican Violetear,Colibri thalassinus,,
Lesser Violetear,Colibri cyanotus,,
Green-breasted Mango,Anthracothorax prevostii,,Rare/Accidental 
Rivoli's Hummingbird,Eugenes fulgens,,
Plain-capped Starthroat,Heliomaster constantii,,
Amethyst-throated Hummingbird,Lampornis amethystinus,,Rare/Accidental 
Blue-throated Hummingbird,Lampornis clemenciae,,
Lucifer Hummingbird,Calothorax lucifer,,
Bahama Woodstar,Calliphlox evelynae,,Rare/Accidental 
Ruby-throated Hummingbird,Archilochus colubris,,
Black-chinned Hummingbird,Archilochus alexandri,,
Anna's Hummingbird,Calypte anna,,
Costa's Hummingbird,Calypte costae,,
Bumblebee Hummingbird,Atthis heloisa,,Rare/Accidental 
Broad-tailed Hummingbird,Selasphorus platycercus,,
Rufous Hummingbird,Selasphorus rufus,,
Allen's Hummingbird,Selasphorus sasin,,
Calliope Hummingbird,Selasphorus calliope,,
Broad-billed Hummingbird,Cynanthus latirostris,,
Berylline Hummingbird,Amazilia beryllina,,
Buff-bellied Hummingbird,Amazilia yucatanensis,,
Cinnamon Hummingbird,Amazilia rutila,,Rare/Accidental 
Violet-crowned Hummingbird,Amazilia violiceps,,
White-eared Hummingbird,Hylocharis leucotis,,
Xantus's Hummingbird,Hylocharis xantusii,,Rare/Accidental 
,,,
TROGONIFORMES: Trogonidae,,,
Eared Quetzal,Euptilotis neoxenus,,Rare/Accidental 
Elegant Trogon,Trogon elegans,,
,,,
BUCEROTIFORMES: Upupidae,,,
Eurasian Hoopoe,Upupa epops,,
,,,
CORACIIFORMES: Alcedinidae,,,
Ringed Kingfisher,Megaceryle torquata,,
Belted Kingfisher,Megaceryle alcyon,,
Amazon Kingfisher,Chloroceryle amazona,,Rare/Accidental 
Green Kingfisher,Chloroceryle americana,,
,,,
PICIFORMES: Picidae,,,
Eurasian Wryneck,Jynx torquilla,,
Lewis's Woodpecker,Melanerpes lewis,,
Red-headed Woodpecker,Melanerpes erythrocephalus,,Near-threatened
Acorn Woodpecker,Melanerpes formicivorus,,
Gila Woodpecker,Melanerpes uropygialis,,
Golden-fronted Woodpecker,Melanerpes aurifrons,,
Red-bellied Woodpecker,Melanerpes carolinus,,
Williamson's Sapsucker,Sphyrapicus thyroideus,,
Yellow-bellied Sapsucker,Sphyrapicus varius,,
Red-naped Sapsucker,Sphyrapicus nuchalis,,
Red-breasted Sapsucker,Sphyrapicus ruber,,
Great Spotted Woodpecker,Dendrocopos major,,
Ladder-backed Woodpecker,Picoides scalaris,,
Nuttall's Woodpecker,Picoides nuttallii,,
Downy Woodpecker,Picoides pubescens,,
Hairy Woodpecker,Picoides villosus,,
Arizona Woodpecker,Picoides arizonae,,
Red-cockaded Woodpecker,Picoides borealis,,Near-threatened
White-headed Woodpecker,Picoides albolarvatus,,
American Three-toed Woodpecker,Picoides dorsalis,,
Black-backed Woodpecker,Picoides arcticus,,
Northern Flicker,Colaptes auratus,,
Gilded Flicker,Colaptes chrysoides,,
Pileated Woodpecker,Dryocopus pileatus,,
Ivory-billed Woodpecker,Campephilus principalis,,Critically endangered (possibly extinct)
,,,
FALCONIFORMES: Falconidae,,,
Collared Forest-Falcon,Micrastur semitorquatus,,Rare/Accidental 
Crested Caracara,Caracara cheriway,,
Eurasian Kestrel,Falco tinnunculus,,
American Kestrel,Falco sparverius,,
Red-footed Falcon,Falco vespertinus,,Rare/Accidental Near-threatened
Merlin,Falco columbarius,,
Eurasian Hobby,Falco subbuteo,,
Aplomado Falcon,Falco femoralis,,
Gyrfalcon,Falco rusticolus,,
Peregrine Falcon,Falco peregrinus,,
Prairie Falcon,Falco mexicanus,,
,,,
PSITTACIFORMES: Cacatuidae,,,
Galah,Eolophus roseicapilla,,Introduced species 
Tanimbar Corella,Cacatua goffiniana,,Introduced species  Near-threatened
Sulphur-crested Cockatoo,Cacatua galerita,,Introduced species 
Salmon-crested Cockatoo,Cacatua moluccensis,,Introduced species  Vulnerable
,,,
PSITTACIFORMES: Psittaculidae,,,
Eclectus Parrot,Eclectus roratus,,Introduced species 
Alexandrine Parakeet,Psittacula eupatria,,Introduced species  Near-threatened
Rose-ringed Parakeet,Psittacula krameri,,Introduced species (non established) 
Plum-headed Parakeet,Psittacula cyanocephala,,Introduced species 
Blossom-headed Parakeet,Psittacula roseata,,Introduced species  Near-threatened
Pale-headed Rosella,Platycercus adscitus,,Introduced species (non established) 
Budgerigar,Melopsittacus undulatus,,Introduced species 
Chattering Lory,Lorius garrulus,,Introduced species  Vulnerable
Rainbow Lorikeet,Trichoglossus haematodus,,Introduced species 
Scaly-breasted Lorikeet,Trichoglossus chlorolepidotus,,Introduced species 
Rosy-faced Lovebird,Agapornis roseicollis,,Introduced species 
Fischer's Lovebird,Agapornis fischeri,,Introduced species  Near-threatened
Yellow-collared Lovebird,Agapornis personatus,,Introduced species 
,,,
PSITTACIFORMES: Psittacidae,,,
Gray Parrot,Psittacus erithacus,,Introduced species 
Rüppell's Parrot,Poicephalus rueppellii,,Introduced species 
Senegal Parrot,Poicephalus senegalus,,Introduced species 
Monk Parakeet,Myiopsitta monachus,,Introduced species 
Tui Parakeet,Brotogeris sanctithomae,,Introduced species 
White-winged Parakeet,Brotogeris versicolurus,,Introduced species 
Yellow-chevroned Parakeet,Brotogeris chiriri,,Introduced species (non established) 
Orange-chinned Parakeet,Brotogeris jugularis,,Introduced species 
White-crowned Parrot,Pionus senilis,,Introduced species 
Festive Parrot,Amazona festiva,,Introduced species 
Red-spectacled Parrot,Amazona pretrei,,Introduced species  Vulnerable
Red-crowned Parrot,Amazona viridigenalis,,Introduced species  Endangered
Lilac-crowned Parrot,Amazona finschi,,Introduced species (non established) Endangered
Red-lored Parrot,Amazona autumnalis,,Introduced species 
Yellow-naped Parrot,Amazona auropalliata,,Introduced species  Endangered
Yellow-headed Parrot,Amazona oratrix,,Extirpated Endangered
Yellow-shouldered Parrot,Amazona barbadensis,,Introduced species  Vulnerable
Turquoise-fronted Parrot,Amazona aestiva,,Introduced species 
White-fronted Parrot,Amazona albifrons,,Introduced species 
Hispaniolan Parrot,Amazona ventralis,,Introduced species  Vulnerable
Mealy Parrot,Amazona farinosa,,Introduced species 
Orange-winged Parrot,Amazona amazonica,,Introduced species 
Maroon-bellied Parakeet,Pyrrhura frontalis,,Introduced species 
Green-cheeked Parakeet,Pyrrhura molinae,,Introduced species 
Burrowing Parakeet,Cyanoliseus patagonus,,Introduced species 
Hyacinth Macaw,Anodorhynchus hyacinthinus,,Introduced species  Vulnerable
Thick-billed Parrot,Rhynchopsitta pachyrhyncha,,Rare/Accidental Endangered
Maroon-fronted Parrot,Rhynchopsitta terrisi,,Introduced species  Endangered
Orange-fronted Parakeet,Eupsittula canicularis,,Introduced species 
Peach-fronted Parakeet,Eupsittula aurea,,Introduced species 
Brown-throated Parakeet,Eupsittula pertinax,,Introduced species 
Carolina Parakeet,Conuropsis carolinensis,,Extinct
Dusky-headed Parakeet,Aratinga weddellii,,Introduced species 
Nanday Parakeet,Aratinga nenday,,Introduced species 
Yellow-collared Macaw,Primolius auricollis,,Introduced species 
Blue-and-yellow Macaw,Ara ararauna,,Introduced species 
Military Macaw,Ara militaris,,Introduced species  Vulnerable
Scarlet Macaw,Ara macao,,Introduced species 
Chestnut-fronted Macaw,Ara severus,,Introduced species 
Blue-crowned Parakeet,Thectocercus acuticaudatus,,Introduced species 
Red-shouldered Macaw,Diopsittaca nobilis,,Introduced species 
Crimson-fronted Parakeet,Psittacara finschi,,Introduced species 
Scarlet-fronted Parakeet,Psittacara wagleri,,Introduced species 
Mitred Parakeet,Psittacara mitratus,,Introduced species (non established) 
Red-masked Parakeet,Psittacara erythrogenys,,Introduced species  Near-threatened
White-eyed Parakeet,Psittacara leucophthalmus,,Introduced species 
,,,
PASSERIFORMES: Thamnophilidae,,,
Barred Antshrike,Thamnophilus doliatus,,Rare/Accidental 
,,,
PASSERIFORMES: Tyrannidae,,,
Northern Beardless-Tyrannulet,Camptostoma imberbe,,
Greenish Elaenia,Myiopagis viridicata,,Rare/Accidental 
Caribbean Elaenia,Elaenia martinica,,Rare/Accidental 
White-crested Elaenia,Elaenia albiceps,,Rare/Accidental 
Tufted Flycatcher,Mitrephanes phaeocercus,,Rare/Accidental 
Olive-sided Flycatcher,Contopus cooperi,,Near-threatened
Greater Pewee,Contopus pertinax,,
Western Wood-Pewee,Contopus sordidulus,,
Eastern Wood-Pewee,Contopus virens,,
Cuban Pewee,Contopus caribaeus,,Rare/Accidental 
Yellow-bellied Flycatcher,Empidonax flaviventris,,
Acadian Flycatcher,Empidonax virescens,,
Alder Flycatcher,Empidonax alnorum,,
Willow Flycatcher,Empidonax traillii,,
Least Flycatcher,Empidonax minimus,,
Hammond's Flycatcher,Empidonax hammondii,,
Gray Flycatcher,Empidonax wrightii,,
Dusky Flycatcher,Empidonax oberholseri,,
Pacific-slope Flycatcher,Empidonax difficilis,,
Cordilleran Flycatcher,Empidonax occidentalis,,
Buff-breasted Flycatcher,Empidonax fulvifrons,,
Black Phoebe,Sayornis nigricans,,
Eastern Phoebe,Sayornis phoebe,,
Say's Phoebe,Sayornis saya,,
Vermilion Flycatcher,Pyrocephalus rubinus,,
Dusky-capped Flycatcher,Myiarchus tuberculifer,,
Ash-throated Flycatcher,Myiarchus cinerascens,,
Nutting's Flycatcher,Myiarchus nuttingi,,Rare/Accidental 
Great Crested Flycatcher,Myiarchus crinitus,,
Brown-crested Flycatcher,Myiarchus tyrannulus,,
La Sagra's Flycatcher,Myiarchus sagrae,,Rare/Accidental 
Great Kiskadee,Pitangus sulphuratus,,
Social Flycatcher,Myiozetetes similis,,Rare/Accidental 
Sulphur-bellied Flycatcher,Myiodynastes luteiventris,,
Piratic Flycatcher,Legatus leucophaius,,
Variegated Flycatcher,Empidonomus varius,,Rare/Accidental 
Crowned Slaty Flycatcher,Empidonomus aurantioatrocristatus,,Rare/Accidental 
Tropical Kingbird,Tyrannus melancholicus,,
Couch's Kingbird,Tyrannus couchii,,
Cassin's Kingbird,Tyrannus vociferans,,
Thick-billed Kingbird,Tyrannus crassirostris,,
Western Kingbird,Tyrannus verticalis,,
Eastern Kingbird,Tyrannus tyrannus,,
Gray Kingbird,Tyrannus dominicensis,,
Loggerhead Kingbird,Tyrannus caudifasciatus,,Rare/Accidental 
Scissor-tailed Flycatcher,Tyrannus forficatus,,
Fork-tailed Flycatcher,Tyrannus savana,,Rare/Accidental 
,,,
PASSERIFORMES: Tityridae,,,
Masked Tityra,Tityra semifasciata,,Rare/Accidental 
Gray-collared Becard,Pachyramphus major,,Rare/Accidental 
Rose-throated Becard,Pachyramphus aglaiae,,
,,,
PASSERIFORMES: Laniidae,,,
Red-backed Shrike,Lanius collurio,,Rare/Accidental 
Brown Shrike,Lanius cristatus,,
Loggerhead Shrike,Lanius ludovicianus,,Near-threatened
Northern Shrike,Lanius borealis,,
,,,
PASSERIFORMES: Vireonidae,,,
Black-capped Vireo,Vireo atricapilla,,Vulnerable
White-eyed Vireo,Vireo griseus,,
Thick-billed Vireo,Vireo crassirostris,,Rare/Accidental 
Cuban Vireo,Vireo gundlachii,,Rare/Accidental 
Bell's Vireo,Vireo bellii,,Near-threatened
Gray Vireo,Vireo vicinior,,
Hutton's Vireo,Vireo huttoni,,
Yellow-throated Vireo,Vireo flavifrons,,
Cassin's Vireo,Vireo cassinii,,
Blue-headed Vireo,Vireo solitarius,,
Plumbeous Vireo,Vireo plumbeus,,
Philadelphia Vireo,Vireo philadelphicus,,
Warbling Vireo,Vireo gilvus,,
Red-eyed Vireo,Vireo olivaceus,,
Yellow-green Vireo,Vireo flavoviridis,,
Black-whiskered Vireo,Vireo altiloquus,,
Yucatan Vireo,Vireo magister,,Rare/Accidental 
,,,
PASSERIFORMES: Monarchidae,,,
Hawaii Elepaio,Chasiempis sandwichensis,,Vulnerable
Kauai Elepaio,Chasiempis sclateri,,Endemic Vulnerable
Oahu Elepaio,Chasiempis ibidis,,Endemic Endangered
,,,
PASSERIFORMES: Corvidae,,,
Gray Jay,Perisoreus canadensis,,
Black-throated Magpie-Jay,Calocitta colliei,,Introduced species (non established) 
Brown Jay,Psilorhinus morio,,
Green Jay,Cyanocorax yncas,,
Azure Jay,Cyanocorax caeruleus,,Introduced species  Near-threatened
Pinyon Jay,Gymnorhinus cyanocephalus,,Vulnerable
Steller's Jay,Cyanocitta stelleri,,
Blue Jay,Cyanocitta cristata,,
Florida Scrub-Jay,Aphelocoma coerulescens,,Vulnerable
Island Scrub-Jay,Aphelocoma insularis,,
California Scrub-Jay,Aphelocoma californica,,
Woodhouse's Scrub-Jay,Aphelocoma woodhouseii,,
Mexican Jay,Aphelocoma wollweberi,,
Black-billed Magpie,Pica hudsonia,,
Yellow-billed Magpie,Pica nuttalli,,Near-threatened
Clark's Nutcracker,Nucifraga columbiana,,
Eurasian Jackdaw,Corvus monedula,,Rare/Accidental 
American Crow,Corvus brachyrhynchos,,
Northwestern Crow,Corvus caurinus,,
Tamaulipas Crow,Corvus imparatus,,Rare/Accidental 
Fish Crow,Corvus ossifragus,,
Hawaiian Crow,Corvus hawaiiensis,,Extinct in the wild
Chihuahuan Raven,Corvus cryptoleucus,,
Common Raven,Corvus corax,,
,,,
PASSERIFORMES: Alaudidae,,,
Horned Lark,Eremophila alpestris,,
Eurasian Skylark,Alauda arvensis,,
,,,
PASSERIFORMES: Hirundinidae,,,
Northern Rough-winged Swallow,Stelgidopteryx serripennis,,
Purple Martin,Progne subis,,
Cuban Martin,Progne cryptoleuca,,Rare/Accidental 
Gray-breasted Martin,Progne chalybea,,Rare/Accidental 
Southern Martin,Progne elegans,,
Brown-chested Martin,Progne tapera,,Rare/Accidental 
Tree Swallow,Tachycineta bicolor,,
Mangrove Swallow,Tachycineta albilinea,,Rare/Accidental 
Violet-green Swallow,Tachycineta thalassina,,
Bahama Swallow,Tachycineta cyaneoviridis,,Rare/Accidental Endangered
Bank Swallow,Riparia riparia,,
Barn Swallow,Hirundo rustica,,
Cliff Swallow,Petrochelidon pyrrhonota,,
Cave Swallow,Petrochelidon fulva,,
Common House-Martin,Delichon urbicum,,
,,,
PASSERIFORMES: Paridae,,,
Varied Tit,Sittiparus varius,,Extirpated 
Carolina Chickadee,Poecile carolinensis,,
Black-capped Chickadee,Poecile atricapillus,,
Mountain Chickadee,Poecile gambeli,,
Mexican Chickadee,Poecile sclateri,,
Chestnut-backed Chickadee,Poecile rufescens,,
Boreal Chickadee,Poecile hudsonicus,,
Gray-headed Chickadee,Poecile cinctus,,
Bridled Titmouse,Baeolophus wollweberi,,
Oak Titmouse,Baeolophus inornatus,,
Juniper Titmouse,Baeolophus ridgwayi,,
Tufted Titmouse,Baeolophus bicolor,,
Black-crested Titmouse,Baeolophus atricristatus,,
Japanese Tit,Parus minor,,
,,,
PASSERIFORMES: Remizidae,,,
Verdin,Auriparus flaviceps,,
,,,
PASSERIFORMES: Aegithalidae,,,
Bushtit,Psaltriparus minimus,,
,,,
PASSERIFORMES: Sittidae,,,
Red-breasted Nuthatch,Sitta canadensis,,
White-breasted Nuthatch,Sitta carolinensis,,
Pygmy Nuthatch,Sitta pygmaea,,
Brown-headed Nuthatch,Sitta pusilla,,
,,,
PASSERIFORMES: Certhiidae,,,
Brown Creeper,Certhia americana,,
,,,
PASSERIFORMES: Troglodytidae,,,
Rock Wren,Salpinctes obsoletus,,
Canyon Wren,Catherpes mexicanus,,
House Wren,Troglodytes aedon,,
Eurasian Wren,Troglodytes troglodytes,,
Pacific Wren,Troglodytes pacificus,,
Winter Wren,Troglodytes hiemalis,,
Sedge Wren,Cistothorus platensis,,
Marsh Wren,Cistothorus palustris,,
Carolina Wren,Thryothorus ludovicianus,,
Bewick's Wren,Thryomanes bewickii,,
Cactus Wren,Campylorhynchus brunneicapillus,,
Sinaloa Wren,Thryophilus sinaloa,,Rare/Accidental 
,,,
PASSERIFORMES: Polioptilidae,,,
Blue-gray Gnatcatcher,Polioptila caerulea,,
California Gnatcatcher,Polioptila californica,,
Black-tailed Gnatcatcher,Polioptila melanura,,
Black-capped Gnatcatcher,Polioptila nigriceps,,
,,,
PASSERIFORMES: Cinclidae,,,
American Dipper,Cinclus mexicanus,,
,,,
PASSERIFORMES: Pycnonotidae,,,
Red-vented Bulbul,Pycnonotus cafer,,Introduced species 
Red-whiskered Bulbul,Pycnonotus jocosus,,Introduced species 
,,,
PASSERIFORMES: Regulidae,,,
Golden-crowned Kinglet,Regulus satrapa,,
Ruby-crowned Kinglet,Regulus calendula,,
,,,
PASSERIFORMES: Scotocercidae,,,
Japanese Bush Warbler,Horornis diphone,,Introduced species 
,,,
PASSERIFORMES: Phylloscopidae,,,
Willow Warbler,Phylloscopus trochilus,,Rare/Accidental 
Common Chiffchaff,Phylloscopus collybita,,Rare/Accidental 
Wood Warbler,Phylloscopus sibilatrix,,
Dusky Warbler,Phylloscopus fuscatus,,Rare/Accidental 
Pallas's Leaf Warbler,Phylloscopus proregulus,,Rare/Accidental 
Yellow-browed Warbler,Phylloscopus inornatus,,Rare/Accidental 
Arctic Warbler,Phylloscopus borealis,,
Kamchatka Leaf Warbler,Phylloscopus examinandus,,Rare/Accidental 
,,,
PASSERIFORMES: Acrocephalidae,,,
Thick-billed Warbler,Iduna aedon,,Rare/Accidental 
Sedge Warbler,Acrocephalus schoenobaenus,,Rare/Accidental 
Blyth's Reed Warbler,Acrocephalus dumetorum,,Rare/Accidental 
Millerbird,Acrocephalus familiaris,,Critically endangered
,,,
PASSERIFORMES: Locustellidae,,,
Middendorff's Grasshopper-Warbler,Locustella ochotensis,,
Lanceolated Warbler,Locustella lanceolata,,
Eurasian River Warbler,Locustella fluviatilis,,Rare/Accidental 
,,,
PASSERIFORMES: Sylviidae,,,
Lesser Whitethroat,Sylvia curruca,,Rare/Accidental 
,,,
PASSERIFORMES: Paradoxornithidae,,,
Wrentit,Chamaea fasciata,,
,,,
PASSERIFORMES: Zosteropidae,,,
Japanese White-eye,Zosterops japonicus,,Introduced species 
,,,
PASSERIFORMES: Leiothrichidae,,,
Chinese Hwamei,Garrulax canorus,,Introduced species 
Gray-sided Laughingthrush,Ianthocincla caerulata,,Extirpated 
Red-billed Leiothrix,Leiothrix lutea,,Introduced species 
,,,
PASSERIFORMES: Muscicapidae,,,
Gray-streaked Flycatcher,Muscicapa griseisticta,,
Dark-sided Flycatcher,Muscicapa sibirica,,
Asian Brown Flycatcher,Muscicapa dauurica,,
Spotted Flycatcher,Muscicapa striata,,Rare/Accidental 
White-rumped Shama,Copsychus malabaricus,,Introduced species 
European Robin,Erithacus rubecula,,Rare/Accidental 
Rufous-tailed Robin,Larvivora sibilans,,Rare/Accidental 
Siberian Blue Robin,Larvivora cyane,,
Bluethroat,Luscinia svecica,,
Siberian Rubythroat,Calliope calliope,,
Red-flanked Bluetail,Tarsiger cyanurus,,
Narcissus Flycatcher,Ficedula narcissina,,
Taiga Flycatcher,Ficedula albicilla,,
Common Redstart,Phoenicurus phoenicurus,,Rare/Accidental 
Blue Rock-Thrush,Monticola solitarius,,
Siberian Stonechat,Saxicola maurus,,Rare/Accidental 
Northern Wheatear,Oenanthe oenanthe,,
Pied Wheatear,Oenanthe pleschanka,,Rare/Accidental 
,,,
PASSERIFORMES: Turdidae,,,
Eastern Bluebird,Sialia sialis,,
Western Bluebird,Sialia mexicana,,
Mountain Bluebird,Sialia currucoides,,
Townsend's Solitaire,Myadestes townsendi,,
Kamao,Myadestes myadestinus,,Extinct
Amaui,Myadestes woahensis,,Endemic Extinct
Olomao,Myadestes lanaiensis,,Critically endangered (possibly extinct)
Omao,Myadestes obscurus,,Vulnerable
Puaiohi,Myadestes palmeri,,Critically endangered
Orange-billed Nightingale-Thrush,Catharus aurantiirostris,,Rare/Accidental 
Black-headed Nightingale-Thrush,Catharus mexicanus,,Rare/Accidental 
Veery,Catharus fuscescens,,
Gray-cheeked Thrush,Catharus minimus,,
Bicknell's Thrush,Catharus bicknelli,,Vulnerable
Swainson's Thrush,Catharus ustulatus,,
Hermit Thrush,Catharus guttatus,,
Wood Thrush,Hylocichla mustelina,,Near-threatened
Eurasian Blackbird,Turdus merula,,Rare/Accidental 
Eyebrowed Thrush,Turdus obscurus,,
Dusky Thrush,Turdus eunomus,,Rare/Accidental 
Fieldfare,Turdus pilaris,,
Redwing,Turdus iliacus,,Rare/Accidental Near-threatened
Song Thrush,Turdus philomelos,,Rare/Accidental 
Mistle Thrush,Turdus viscivorus,,Rare/Accidental 
Clay-colored Thrush,Turdus grayi,,Rare/Accidental 
White-throated Thrush,Turdus assimilis,,Rare/Accidental 
Rufous-backed Robin,Turdus rufopalliatus,,Rare/Accidental 
American Robin,Turdus migratorius,,
Varied Thrush,Ixoreus naevius,,
Aztec Thrush,Ridgwayia pinicola,,Rare/Accidental 
,,,
PASSERIFORMES: Mimidae,,,
Blue Mockingbird,Melanotis caerulescens,,Rare/Accidental 
Black Catbird,Melanoptila glabrirostris,,Rare/Accidental Near-threatened
Gray Catbird,Dumetella carolinensis,,
Curve-billed Thrasher,Toxostoma curvirostre,,
Brown Thrasher,Toxostoma rufum,,
Long-billed Thrasher,Toxostoma longirostre,,
Bendire's Thrasher,Toxostoma bendirei,,Vulnerable
Gray Thrasher,Toxostoma cinereum,,Rare/Accidental 
California Thrasher,Toxostoma redivivum,,
LeConte's Thrasher,Toxostoma lecontei,,
Crissal Thrasher,Toxostoma crissale,,
Sage Thrasher,Oreoscoptes montanus,,
Bahama Mockingbird,Mimus gundlachii,,Rare/Accidental 
Tropical Mockingbird,Mimus gilvus,,Rare/Accidental 
Northern Mockingbird,Mimus polyglottos,,
,,,
PASSERIFORMES: Sturnidae,,,
Common Hill Myna,Gracula religiosa,,Introduced species (non established) 
European Starling,Sturnus vulgaris,,Introduced species 
Common Myna,Acridotheres tristis,,Introduced species 
Jungle Myna,Acridotheres fuscus,,Introduced species 
Crested Myna,Acridotheres cristatellus,,Extirpated 
,,,
PASSERIFORMES: Prunellidae,,,
Siberian Accentor,Prunella montanella,,Rare/Accidental 
,,,
PASSERIFORMES: Motacillidae,,,
Western Yellow Wagtail,Motacilla flava,,
Eastern Yellow Wagtail,Motacilla tschutschensis,,Rare/Accidental 
Citrine Wagtail,Motacilla citreola,,
Gray Wagtail,Motacilla cinerea,,
White Wagtail,Motacilla alba,,
Tree Pipit,Anthus trivialis,,
Olive-backed Pipit,Anthus hodgsoni,,
Pechora Pipit,Anthus gustavi,,
Red-throated Pipit,Anthus cervinus,,
American Pipit,Anthus rubescens,,
Sprague's Pipit,Anthus spragueii,,Vulnerable
,,,
PASSERIFORMES: Bombycillidae,,,
Bohemian Waxwing,Bombycilla garrulus,,
Cedar Waxwing,Bombycilla cedrorum,,
,,,
PASSERIFORMES: Mohoidae,,,
Kauai Oo,Moho braccatus,,Extinct
Oahu Oo,Moho apicalis,,Endemic Extinct
Bishop's Oo,Moho bishopi,,Extinct
Hawaii Oo,Moho nobilis,,Extinct
Kioea,Chaetoptila angustipluma,,Extinct
,,,
PASSERIFORMES: Ptiliogonatidae,,,
Gray Silky-flycatcher,Ptiliogonys cinereus,,Rare/Accidental 
Phainopepla,Phainopepla nitens,,
,,,
PASSERIFORMES: Peucedramidae,,,
Olive Warbler,Peucedramus taeniatus,,
,,,
PASSERIFORMES: Calcariidae,,,
Lapland Longspur,Calcarius lapponicus,,
Chestnut-collared Longspur,Calcarius ornatus,,Vulnerable
Smith's Longspur,Calcarius pictus,,
McCown's Longspur,Rhynchophanes mccownii,,
Snow Bunting,Plectrophenax nivalis,,
McKay's Bunting,Plectrophenax hyperboreus,,
,,,
PASSERIFORMES: Parulidae,,,
Ovenbird,Seiurus aurocapilla,,
Worm-eating Warbler,Helmitheros vermivorum,,
Louisiana Waterthrush,Parkesia motacilla,,
Northern Waterthrush,Parkesia noveboracensis,,
Bachman's Warbler,Vermivora bachmanii,,Critically endangered (possibly extinct)
Golden-winged Warbler,Vermivora chrysoptera,,Near-threatened
Blue-winged Warbler,Vermivora cyanoptera,,
Black-and-white Warbler,Mniotilta varia,,
Prothonotary Warbler,Protonotaria citrea,,
Swainson's Warbler,Limnothlypis swainsonii,,
Crescent-chested Warbler,Oreothlypis superciliosa,,Rare/Accidental 
Tennessee Warbler,Oreothlypis peregrina,,
Orange-crowned Warbler,Oreothlypis celata,,
Colima Warbler,Oreothlypis crissalis,,
Lucy's Warbler,Oreothlypis luciae,,
Nashville Warbler,Oreothlypis ruficapilla,,
Virginia's Warbler,Oreothlypis virginiae,,
Connecticut Warbler,Oporornis agilis,,
Gray-crowned Yellowthroat,Geothlypis poliocephala,,Rare/Accidental 
MacGillivray's Warbler,Geothlypis tolmiei,,
Mourning Warbler,Geothlypis philadelphia,,
Kentucky Warbler,Geothlypis formosa,,
Common Yellowthroat,Geothlypis trichas,,
Hooded Warbler,Setophaga citrina,,
American Redstart,Setophaga ruticilla,,
Kirtland's Warbler,Setophaga kirtlandii,,Near-threatened
Cape May Warbler,Setophaga tigrina,,
Cerulean Warbler,Setophaga cerulea,,Vulnerable
Northern Parula,Setophaga americana,,
Tropical Parula,Setophaga pitiayumi,,
Magnolia Warbler,Setophaga magnolia,,
Bay-breasted Warbler,Setophaga castanea,,
Blackburnian Warbler,Setophaga fusca,,
Yellow Warbler,Setophaga petechia,,
Chestnut-sided Warbler,Setophaga pensylvanica,,
Blackpoll Warbler,Setophaga striata,,
Black-throated Blue Warbler,Setophaga caerulescens,,
Palm Warbler,Setophaga palmarum,,
Pine Warbler,Setophaga pinus,,
Yellow-rumped Warbler,Setophaga coronata,,
Yellow-throated Warbler,Setophaga dominica,,Rare/Accidental 
Prairie Warbler,Setophaga discolor,,
Grace's Warbler,Setophaga graciae,,
Black-throated Gray Warbler,Setophaga nigrescens,,
Townsend's Warbler,Setophaga townsendi,,
Hermit Warbler,Setophaga occidentalis,,
Golden-cheeked Warbler,Setophaga chrysoparia,,Endangered
Black-throated Green Warbler,Setophaga virens,,
Fan-tailed Warbler,Basileuterus lachrymosus,,Rare/Accidental 
Rufous-capped Warbler,Basileuterus rufifrons,,Rare/Accidental 
Golden-crowned Warbler,Basileuterus culicivorus,,Rare/Accidental 
Canada Warbler,Cardellina canadensis,,
Wilson's Warbler,Cardellina pusilla,,
Red-faced Warbler,Cardellina rubrifrons,,
Painted Redstart,Myioborus pictus,,
Slate-throated Redstart,Myioborus miniatus,,Rare/Accidental 
,,,
PASSERIFORMES: Thraupidae,,,
Red-crested Cardinal,Paroaria coronata,,Introduced species 
Yellow-billed Cardinal,Paroaria capitata,,Introduced species 
Crimson-collared Tanager,Ramphocelus sanguinolentus,,Rare/Accidental 
Saffron Finch,Sicalis flaveola,,Introduced species 
White-collared Seedeater,Sporophila torqueola,,
Bananaquit,Coereba flaveola,,Rare/Accidental 
Yellow-faced Grassquit,Tiaris olivaceus,,
Black-faced Grassquit,Tiaris bicolor,,
Greater Antillean Bullfinch,Loxigilla violacea,,Extirpated 
,,,
PASSERIFORMES: Passerellidae,,,
Rufous-winged Sparrow,Peucaea carpalis,,
Botteri's Sparrow,Peucaea botterii,,
Cassin's Sparrow,Peucaea cassinii,,
Bachman's Sparrow,Peucaea aestivalis,,Near-threatened
Grasshopper Sparrow,Ammodramus savannarum,,
Baird's Sparrow,Ammodramus bairdii,,
Henslow's Sparrow,Ammodramus henslowii,,Near-threatened
LeConte's Sparrow,Ammodramus leconteii,,
Nelson's Sparrow,Ammodramus nelsoni,,
Saltmarsh Sparrow,Ammodramus caudacutus,,Endangered
Seaside Sparrow,Ammodramus maritimus,,
Olive Sparrow,Arremonops rufivirgatus,,
American Tree Sparrow,Spizelloides arborea,,
Chipping Sparrow,Spizella passerina,,
Clay-colored Sparrow,Spizella pallida,,
Black-chinned Sparrow,Spizella atrogularis,,
Field Sparrow,Spizella pusilla,,
Brewer's Sparrow,Spizella breweri,,
Worthen's Sparrow,Spizella wortheni,,Rare/Accidental Endangered
Black-throated Sparrow,Amphispiza bilineata,,
Five-striped Sparrow,Amphispiza quinquestriata,,
Lark Sparrow,Chondestes grammacus,,
Lark Bunting,Calamospiza melanocorys,,
Fox Sparrow,Passerella iliaca,,
Dark-eyed Junco,Junco hyemalis,,
Yellow-eyed Junco,Junco phaeonotus,,
Baird's Junco,Junco bairdi,,Near-threatened
White-crowned Sparrow,Zonotrichia leucophrys,,
Golden-crowned Sparrow,Zonotrichia atricapilla,,
Harris's Sparrow,Zonotrichia querula,,
White-throated Sparrow,Zonotrichia albicollis,,
Sagebrush Sparrow,Artemisiospiza nevadensis,,Endemic
Bell's Sparrow,Artemisiospiza belli,,
Striped Sparrow,Oriturus superciliosus,,Rare/Accidental 
Vesper Sparrow,Pooecetes gramineus,,
Savannah Sparrow,Passerculus sandwichensis,,
Song Sparrow,Melospiza melodia,,
Lincoln's Sparrow,Melospiza lincolnii,,
Swamp Sparrow,Melospiza georgiana,,
Canyon Towhee,Melozone fusca,,
Abert's Towhee,Melozone aberti,,
California Towhee,Melozone crissalis,,
Rufous-crowned Sparrow,Aimophila ruficeps,,
Green-tailed Towhee,Pipilo chlorurus,,
Spotted Towhee,Pipilo maculatus,,
Eastern Towhee,Pipilo erythrophthalmus,,
,,,
PASSERIFORMES: Emberizidae,,,
Pine Bunting,Emberiza leucocephalos,,
Yellow-browed Bunting,Emberiza chrysophrys,,Rare/Accidental 
Little Bunting,Emberiza pusilla,,
Rustic Bunting,Emberiza rustica,,Vulnerable
Yellow-throated Bunting,Emberiza elegans,,
Yellow-breasted Bunting,Emberiza aureola,,Critically endangered
Gray Bunting,Emberiza variabilis,,
Pallas's Bunting,Emberiza pallasi,,
Reed Bunting,Emberiza schoeniclus,,
,,,
PASSERIFORMES: Spindalidae,,,
Western Spindalis,Spindalis zena,,
,,,
PASSERIFORMES: Icteriidae,,,
Yellow-breasted Chat,Icteria virens,,
,,,
PASSERIFORMES: Cardinalidae,,,
Hepatic Tanager,Piranga flava,,
Summer Tanager,Piranga rubra,,
Scarlet Tanager,Piranga olivacea,,
Western Tanager,Piranga ludoviciana,,
Flame-colored Tanager,Piranga bidentata,,Rare/Accidental 
Crimson-collared Grosbeak,Rhodothraupis celaeno,,Rare/Accidental 
Northern Cardinal,Cardinalis cardinalis,,
Pyrrhuloxia,Cardinalis sinuatus,,
Yellow Grosbeak,Pheucticus chrysopeplus,,Rare/Accidental 
Rose-breasted Grosbeak,Pheucticus ludovicianus,,
Black-headed Grosbeak,Pheucticus melanocephalus,,
Blue Bunting,Cyanocompsa parellina,,
Blue Grosbeak,Passerina caerulea,,
Lazuli Bunting,Passerina amoena,,
Indigo Bunting,Passerina cyanea,,
Varied Bunting,Passerina versicolor,,
Painted Bunting,Passerina ciris,,Near-threatened
Dickcissel,Spiza americana,,
,,,
PASSERIFORMES: Icteridae,,,
Yellow-headed Blackbird,Xanthocephalus xanthocephalus,,
Bobolink,Dolichonyx oryzivorus,,
Western Meadowlark,Sturnella neglecta,,
Eastern Meadowlark,Sturnella magna,,
Montezuma Oropendola,Psarocolius montezuma,,Introduced species 
Black-vented Oriole,Icterus wagleri,,
Orchard Oriole,Icterus spurius,,
Hooded Oriole,Icterus cucullatus,,
Venezuelan Troupial,Icterus icterus,,Introduced species 
Streak-backed Oriole,Icterus pustulatus,,
Bullock's Oriole,Icterus bullockii,,
Spot-breasted Oriole,Icterus pectoralis,,
Altamira Oriole,Icterus gularis,,
Audubon's Oriole,Icterus graduacauda,,
Baltimore Oriole,Icterus galbula,,
Black-backed Oriole,Icterus abeillei,,Rare/Accidental 
Scott's Oriole,Icterus parisorum,,
Red-winged Blackbird,Agelaius phoeniceus,,
Tricolored Blackbird,Agelaius tricolor,,Endangered
Tawny-shouldered Blackbird,Agelaius humeralis,,Rare/Accidental 
Shiny Cowbird,Molothrus bonariensis,,
Bronzed Cowbird,Molothrus aeneus,,
Brown-headed Cowbird,Molothrus ater,,
Rusty Blackbird,Euphagus carolinus,,Vulnerable
Brewer's Blackbird,Euphagus cyanocephalus,,
Common Grackle,Quiscalus quiscula,,
Boat-tailed Grackle,Quiscalus major,,
Great-tailed Grackle,Quiscalus mexicanus,,
,,,
PASSERIFORMES: Fringillidae,,,
Common Chaffinch,Fringilla coelebs,,Rare/Accidental 
Brambling,Fringilla montifringilla,,
Evening Grosbeak,Coccothraustes vespertinus,,
Hawfinch,Coccothraustes coccothraustes,,
Poo-uli,Melamprosops phaeosoma,,Critically endangered
Akikiki,Oreomystis bairdi,,Critically endangered
Oahu Alauahio,Paroreomyza maculata,,Critically endangered
Kakawahie,Paroreomyza flammea,,Extinct
Maui Alauahio,Paroreomyza montana,,Endangered
Palila,Loxioides bailleui,,Critically endangered
Laysan Finch,Telespiza cantans,,Vulnerable
Nihoa Finch,Telespiza ultima,,Critically endangered
Kona Grosbeak,Chloridops kona,,Extinct
Lesser Koa-Finch,Rhodacanthis flaviceps,,Extinct
Greater Koa-Finch,Rhodacanthis palmeri,,Extinct
Ula-ai-hawane,Ciridops anna,,Extinct
Akohekohe,Palmeria dolei,,Critically endangered
Laysan Honeycreeper,Himatione fraithii,,Endemic Extinct
Apapane,Himatione sanguinea,,Endemic
Iiwi,Drepanis coccinea,,Vulnerable
Hawaii Mamo,Drepanis pacifica,,Extinct
Black Mamo,Drepanis funerea,,Endemic Extinct
Ou,Psittirostra psittacea,,Critically endangered
Lanai Hookbill,Dysmorodrepanis munroi,,Endemic Extinct
Maui Parrotbill,Pseudonestor xanthophrys,,Critically endangered
Kauai Nukupuu,Hemignathus hanapepe,,Endemic Critically endangered
Oahu Nukupuu,Hemignathus lucidus,,Endemic Extinct
Maui Nukupuu,Hemignathus affinis,,Endemic Critically endangered
Akiapolaau,Hemignathus wilsoni,,Endangered
Lesser Akialoa,Akialoa obscura,,Endemic Extinct
Oahu Akialoa,Akialoa ellisiana,,Endemic Extinct
Kauai Akialoa,Akialoa stejnegeri,,Endemic Extinct
Maui-nui Akialoa,Akialoa lanaiensis,,Endemic Extinct
Anianiau,Magumma parva,,Vulnerable
Hawaii Amakihi,Chlorodrepanis virens,,Endemic
Oahu Amakihi,Chlorodrepanis flava,,Vulnerable
Kauai Amakihi,Chlorodrepanis stejnegeri,,Endemic Vulnerable
Greater Amakihi,Viridonia sagittirostris,,Extinct
Hawaii Creeper,Loxops mana,,Endangered
Akekee,Loxops caeruleirostris,,Endemic Critically endangered
Hawaii Akepa,Loxops coccineus,,Endemic Endangered
Oahu Akepa,Loxops wolstenholmei,,Endemic Extinct
Maui Akepa,Loxops ochraceus,,Endemic Critically endangered
Common Rosefinch,Carpodacus erythrinus,,
Pallas's Rosefinch,Carpodacus roseus,,Rare/Accidental 
Pine Grosbeak,Pinicola enucleator,,
Eurasian Bullfinch,Pyrrhula pyrrhula,,
Trumpeter Finch,Bucanetes githagineus,,Rare/Accidental 
Asian Rosy-Finch,Leucosticte arctoa,,Rare/Accidental 
Gray-crowned Rosy-Finch,Leucosticte tephrocotis,,
Black Rosy-Finch,Leucosticte atrata,,
Brown-capped Rosy-Finch,Leucosticte australis,,
House Finch,Haemorhous mexicanus,,
Purple Finch,Haemorhous purpureus,,
Cassin's Finch,Haemorhous cassinii,,Near-threatened
Oriental Greenfinch,Chloris sinica,,Rare/Accidental 
Yellow-fronted Canary,Crithagra mozambica,,Introduced species 
Common Redpoll,Acanthis flammea,,
Hoary Redpoll,Acanthis hornemanni,,
Red Crossbill,Loxia curvirostra,,
Cassia Crossbill,Loxia sinesciuris,,Endemic
White-winged Crossbill,Loxia leucoptera,,
European Goldfinch,Carduelis carduelis,,Introduced species 
European Serin,Serinus serinus,,
Island Canary,Serinus canaria,,Introduced species 
Eurasian Siskin,Spinus spinus,,Rare/Accidental 
Pine Siskin,Spinus pinus,,
Black-headed Siskin,Spinus notatus,,Rare/Accidental 
Lesser Goldfinch,Spinus psaltria,,
Lawrence's Goldfinch,Spinus lawrencei,,
American Goldfinch,Spinus tristis,,
,,,
PASSERIFORMES: Passeridae,,,
House Sparrow,Passer domesticus,,Introduced species 
Eurasian Tree Sparrow,Passer montanus,,Introduced species 
,,,
PASSERIFORMES: Ploceidae,,,
Northern Red Bishop,Euplectes franciscanus,,Introduced species (non established) 
Yellow-crowned Bishop,Euplectes afer,,Introduced species 
,,,
PASSERIFORMES: Estrildidae,,,
Lavender Waxbill,Estrilda caerulescens,,Introduced species 
Orange-cheeked Waxbill,Estrilda melpoda,,Introduced species 
Black-rumped Waxbill,Estrilda troglodytes,,Introduced species 
Common Waxbill,Estrilda astrild,,Introduced species 
Red-cheeked Cordonbleu,Uraeginthus bengalus,,Introduced species 
Red Avadavat,Amandava amandava,,Introduced species 
Zebra Finch,Taeniopygia guttata,,Introduced species 
Indian Silverbill,Euodice malabarica,,Introduced species 
African Silverbill,Euodice cantans,,Introduced species 
Madagascar Munia,Lonchura nana,,Introduced species 
Scaly-breasted Munia,Lonchura punctulata,,Introduced species (non established) 
Tricolored Munia,Lonchura malacca,,Rare/Accidental 
Chestnut Munia,Lonchura atricapilla,,Introduced species 
White-headed Munia,Lonchura maja,,Introduced species 
Java Sparrow,Lonchura oryzivora,,Introduced species  Vulnerable
,,,
PASSERIFORMES: Viduidae,,,
Pin-tailed Whydah,Vidua macroura,,Introduced species